{"part_place_settings":[{"__OBJ_TYPE":"PART_PLACE_SETTING","color":{"__OBJ_TYPE":"Color","b":74,"g":67,"r":67,"a":255},"key":"cube","texture":"part_suliao.tga"},{"__OBJ_TYPE":"PART_PLACE_SETTING","color":{"__OBJ_TYPE":"Color","b":255,"g":255,"r":255,"a":255},"key":"sphere","texture":"part_suliao.tga"},{"__OBJ_TYPE":"PART_PLACE_SETTING","color":{"__OBJ_TYPE":"Color","b":255,"g":255,"r":255,"a":255},"key":"cylinder","texture":"part_suliao.tga"},{"__OBJ_TYPE":"PART_PLACE_SETTING","color":{"__OBJ_TYPE":"Color","b":255,"g":255,"r":255,"a":255},"key":"cone","texture":"part_suliao.tga"}],"viewport_height":886,"viewport_width":1576,"map_pos":{"map001":{"x":30,"z":30,"y":68}},"camera_move_speed":0.3}